{"cameraMode":{"drawMode":0,"name":"Shaded","section":"Shading Mode"},"sceneLighting":true,"audioPlay":false,"sceneViewState":{"m_AlwaysRefresh":false,"showFog":true,"showSkybox":true,"showFlares":true,"showImageEffects":true,"showParticleSystems":true,"showVisualEffectGraphs":true,"m_FxEnabled":true},"in2DMode":false,"pivot":{"x":664.3963623046875,"y":209.67337036132813,"z":82.51695251464844},"rotation":{"x":-0.09698576480150223,"y":-0.043006718158721927,"z":0.003924774006009102,"w":-0.9944148063659668},"size":421.5591735839844,"orthographic":false}