{"cameraMode":{"drawMode":0,"name":"Shaded","section":"Shading Mode"},"sceneLighting":false,"audioPlay":false,"sceneViewState":{"m_AlwaysRefresh":false,"showFog":true,"showSkybox":false,"showFlares":true,"showImageEffects":true,"showParticleSystems":true,"showVisualEffectGraphs":true,"m_FxEnabled":true},"in2DMode":false,"pivot":{"x":0.9729005098342896,"y":-0.5441844463348389,"z":-0.08184216171503067},"rotation":{"x":-0.0393465980887413,"y":0.7495177388191223,"z":-0.044873300939798358,"w":-0.6593733429908752},"size":0.41381680965423586,"orthographic":false}